category,name,id,format,region,phase,status,sponsor,fit,evidence_score,molecular_hla_fit,tissue_needed,timing_window,reported_or_note,cost,regulatory,contact,url,unverified_or_flags,what_is_manufactured,starting_material,insurance,patient_story
institutional trial (open/upcoming),ZSNeo-DC1.1 — neoantigen-pulsed dendritic-cell vaccine + temozolomide,NCT07365280,Dendritic-cell (neoantigen),China,Phase 2,Not yet recruiting,ZSky Biotech Inc,Medium,2,IDH1/IDH2 wild-type explicitly required — the one trial here whose molecular criterion directly matches this case. MGMT not restricted. Needs sufficient tumour + blood for neoantigen identification and adequate venous access for PBMC collection.,Adequate banked tumour tissue for sequencing/neoantigen identification required. Confirm what was preserved from the 1.2 cm resection.,"Enrol after surgery and after completing standard concurrent chemoradiation — a more forgiving timeline than the pre-chemoradiation vaccine trials, because the vaccine is given during adjuvant temozolomide.","Early-stage platform; a sibling ZSNeo-DC1.1 trial in recurrent high-grade glioma (NCT06253234) is recruiting, but no glioblastoma survival data are published yet.",,,Xiaomin Ma · +86 518-82342973 · xiaomin.ma@zskybio.com,https://clinicaltrials.gov/study/NCT07365280,Not yet recruiting; sites not posted — likely China-only. Contact the sponsor to ask about international patients and whether tissue can be shipped.,,,,
institutional trial (open/upcoming),RNA-LP — autologous total-tumour mRNA lipid-particle vaccine,NCT04573140,mRNA (autologous tumour),United States,Phase 1,Recruiting,University of Florida (Sayour / Mitchell lab),Low–Medium,2,"Requires MGMT ""low-level or unmethylated""; MGMT-methylated tumours are excluded. Newly diagnosed de novo GBM (WHO grade 4). Residual post-surgical disease <=3 cm allowed. Age >=21.",Fresh / viable tumour needed to amplify tumour mRNA — archival FFPE alone is not enough. Confirm viable tissue or an RNA-grade fresh-frozen sample was banked.,After surgery; the design integrates with standard radiation + temozolomide. Adult stratum enrolment target is small (n=28).,"A 2024 report described rapid, marked immune activation within days of the first dose in a small first-in-human GBM cohort; survival data immature.",,,Marcia Hodik · 352-273-5519 · wells-BTC@ufl.edu,https://clinicaltrials.gov/study/NCT04573140,MGMT-methylated tumours are excluded — confirm MGMT status before pursuing this. | Needs viable/fresh tumour tissue for RNA amplification.,,,,
institutional trial (open/upcoming),"PTPRZ1 / TERT peptide vaccine, adjuvant to chemoradiation",NCT06622434,Shared-antigen peptide (HLA-selected),France,Phase 1/2a,Recruiting,Assistance Publique – Hôpitaux de Paris (PI A. Carpentier),Medium,2,Histologically confirmed glioblastoma; IDH-mutant grade 4 astrocytoma excluded (so IDH-wildtype fits). Phase 1 requires HLA-A2 positive and PTPRZ1 expression in the tumour. Retrospective TERT-promoter and MGMT testing on archival tissue. Steroids must be <=10 mg/day prednisone-equivalent.,Standard archival tissue is sufficient for the required biomarker testing.,"Starts 28–45 days after chemoradiation completion — adjuvant window, no conflict with the Stupp protocol.","TERT is the target of the UCPVax telomerase-vaccine programme, which has phase 1/2 immunogenicity and some efficacy signal in other settings; this specific PTPRZ1/TERT construct is first-in-human in GBM.",,,Pr Antoine Carpentier · +33 1 71 20 74 66 · antoine.carpentier@aphp.fr,https://clinicaltrials.gov/study/NCT06622434,"Phase 1 cohort needs HLA-A2 positivity and PTPRZ1 expression — confirm both before travelling. | Shared-antigen vaccine, not built from the patient's own neoantigens.",,,,
institutional trial (open/upcoming),Autologous dendritic cells loaded with autologous tumour homogenate,NCT04523688,Dendritic-cell (whole-tumour),Italy,Phase 2,Recruiting (verify — primary completion listed Jul 2025),"IRST Dino Amadori IRCCS, Meldola",Medium,2,Histologically confirmed monofocal glioblastoma. Near-complete resection (<=5 mL residual tumour) required — matches a gross-total resection. IDH/MGMT not restricted. Steroids must be <=10 mg prednisone-equivalent.,"Fresh viable tumour for homogenate preparation, plus leukapheresis. Confirm fresh tissue was banked.","After surgery, alongside adjuvant temozolomide.",DC + tumour-lysate/homogenate vaccines have a long phase 1/2 track record in GBM with occasional survival signals but no positive randomised trial (DCVax-L remains contested).,,,Dr Oriana Nanni · +39 0543 739266 · oriana.nanni@irst.emr.it,https://clinicaltrials.gov/study/NCT04523688,"Registry primary-completion date has passed — confirm the trial is still open before contacting. | Single centre, Italy; needs fresh tumour tissue.",,,,
institutional trial (open/upcoming),Hybrid allogeneic-DC × autologous tumour-cell fusion vaccine ± pembrolizumab,NCT06749925,Dendritic-cell (tumour fusion),Brazil,Phase 3,Not yet recruiting,University of São Paulo General Hospital (PI J.A.M. Barbuto),Medium,2,Histological glioblastoma with confirmed IDH status; undergoing or completed standard of care; tumour cells must be expandable in culture. No upper age limit; performance score >50.,Needs viable tumour cells that can be culture-expanded — fresh tissue from the resection. Confirm availability.,During / after standard of care.,The São Paulo group has prior phase 1/2 experience with DC-tumour fusion vaccines; this is the first phase 3 of the approach.,,,Prof. José Alexandre Marzãgão Barbuto · +55 11 3091-7375 · jbarbuto@icb.usp.br,https://clinicaltrials.gov/study/NCT06749925,Not yet recruiting; Brazil. | Needs a viable tumour cell culture — usually must be arranged at surgery.,,,,
institutional trial (open/upcoming),Tamavaq™ — AI-designed personalized neoantigen + tumour-antigen peptide vaccine,NCT07077616,Personalized neoantigen peptide,Greece,Early Phase 1,Recruiting,"Biogenea Pharmaceuticals Ltd., Thessaloniki",Low,1,"Registry inclusion text describes recurrent malignant glioma with prior surgery, radiotherapy and chemotherapy, a measurable lesion (RECIST), high mutation load (>10 TMB) and >=10 neoantigens, >=3 months post-op, no prior immunotherapy — despite the study title saying ""newly diagnosed"".",Tumour tissue for sequencing and neoantigen identification.,Tied to a maintenance-temozolomide cycle; not a fixed post-op window.,First-in-human; no efficacy data. Sponsor has limited clinical track record.,,,Ioannis G. Grigoriadis · +30 6936 592686 · biogeneadrug@gmail.com,https://clinicaltrials.gov/study/NCT07077616,"Eligibility text is recurrent-disease and high-TMB oriented — contradicts the ""newly diagnosed"" title. Clarify directly before considering. | Single small-company site; first-in-human; broad unproven multi-adjuvant design.",,,,
"institutional trial (landmark, not enrolling)",NeoVax — personalized neoantigen peptide vaccine + radiotherapy + pembrolizumab,NCT02287428,Personalized neoantigen peptide,United States,Phase 1,"Active, not recruiting",Dana-Farber Cancer Institute / Massachusetts General Hospital,,2,,,,"Keskin et al., Nature 2019 (n=8): 6/8 dexamethasone-free patients generated polyfunctional neoantigen-specific CD4+ and CD8+ T cells that trafficked into the tumour; dexamethasone abrogated responses; no serious treatment-related toxicity; no survival benefit demonstrated in this tiny cohort.",,,,https://clinicaltrials.gov/study/NCT02287428,Not enrolling. This is the reference platform — the version every peptide entry in this atlas is measured against — so it is here for its data and as the group most likely to open a successor. Ask Dana-Farber neuro-oncology what is next.,,,,
"institutional trial (landmark, not enrolling)",GNOS-PV01 — personalized neoantigen DNA vaccine (± IL-12 / retifanlimab),NCT04015700,DNA (neoantigen),United States,Phase 1,"Active, not recruiting","Washington University School of Medicine, St Louis",,2,,,,"Nature Cancer 2026 (GT-20, n=9): up to 40 neoantigens/patient, no serious adverse events or dose-limiting toxicities; 8/9 evaluable patients developed measurable immune responses (the non-responder received dexamethasone); reported as generating ""robust immune responses and encouraging survival outcomes"" — uncontrolled.",,,,https://clinicaltrials.gov/study/NCT04015700,"Not enrolling, and restricted to MGMT-unmethylated disease. Included because its 2026 readout is one of the most encouraging in the field and Washington University is an active successor site to watch.",,,,
"institutional trial (landmark, not enrolling)",GAPVAC-101 — APVAC1 + APVAC2 fully personalized peptide vaccine,NCT02149225,Personalized neoantigen peptide,Germany,Phase 1,Completed,"DKFZ / DKTK, Heidelberg & Tübingen (led by W. Wick)",,2,,,,"Hilf et al., Nature 2019 (n=15 vaccinated): median PFS 14.2 months and median OS 29 months from diagnosis; APVAC1 drove sustained central-memory CD8 responses, APVAC2 predominantly CD4. Proof of concept for fully personalized vaccination; not powered for efficacy.",,,,https://clinicaltrials.gov/study/NCT02149225,"Completed after a 16-patient feasibility cohort with no confirmatory trial to follow. The same Heidelberg group defined the RTK II methylation class this whole dashboard is built around, so this is the most directly relevant lineage — but there is nothing to enrol in. It also feeds the German private route (see CeGaT in Section 2).",,,,
"institutional trial (landmark, not enrolling)",XS15-adjuvanted multipeptide vaccination + standard chemoradiation,NCT04842513,Shared-antigen peptide (immunopeptidome-guided),Germany,Phase 1,Completed,University Hospital Tübingen,,1,,,,Completed phase 1; immunogenicity read-out with XS15 as a strong T-cell adjuvant. No efficacy claim.,,,,https://clinicaltrials.gov/study/NCT04842513,"Completed in 2024. Restricted to MGMT-methylated, HLA-A2-positive patients. Listed because it is the academic backbone of the Tübingen peptide-vaccine ecosystem that also runs the CeGaT private route in Section 2.",,,,
appendix: shared-antigen peptide vaccine,SurVaxM (SURVIVE),NCT05163080,shared-antigen peptide,"USA, ~11 sites",,"Randomised phase 2b, newly diagnosed; data cut-off Jul 2026, readout pending",,,,,,,"Phase 2a: 1-yr OS 93.7%, median OS 25.9 mo; phase 2b passed interim futility",,,,https://clinicaltrials.gov/study/NCT05163080,Survivin is broadly expressed regardless of methylation subclass; the most advanced shared-antigen peptide vaccine in newly diagnosed GBM. Already covered on the main dashboard.,,,,
appendix: shared-antigen peptide vaccine,SurVaxM + temozolomide,NCT02455557,shared-antigen peptide,USA,,"Active, not recruiting; newly diagnosed",,,,,,,Feeds the SURVIVE phase 2b,,,,https://clinicaltrials.gov/study/NCT02455557,"Same antigen/product as above, earlier cohort.",,,,
appendix: shared-antigen peptide vaccine,P30-EPS,NCT05283109,shared-antigen peptide,USA (Duke),,"Active, not recruiting; newly diagnosed",,,,,,,Phase 1 immunogenicity; multi-antigen to reduce escape,,,,https://clinicaltrials.gov/study/NCT05283109,A multi-peptide shared-antigen design that tries to avoid rindopepimut's single-antigen failure mode.,,,,
appendix: shared-antigen peptide vaccine,Rindopepimut (ACT IV),NCT01480479,shared-antigen peptide,"Multi-country (US-led, Celldex)",,Completed — NEGATIVE phase 3,,,,,,,No overall-survival benefit; recurrences were EGFRvIII-negative (antigen escape),,,,https://clinicaltrials.gov/study/NCT01480479,"Directly cautionary for RTK II: EGFRvIII is common here, but a single-antigen EGFRvIII peptide vaccine did not work. ⚠",,,,
appendix: shared-antigen peptide vaccine,PEP-CMV,NCT06132438,shared-antigen peptide,Australia,,Not yet recruiting; newly diagnosed,,,,,,,Prior small studies; mixed,,,,https://clinicaltrials.gov/study/NCT06132438,Requires MGMT-unmethylated status; targets CMV antigens reported in GBM.,,,,
appendix: shared-antigen peptide vaccine,UCPVax ± pembrolizumab,NCT07347210,shared-antigen peptide,France,,Not yet recruiting; newly diagnosed,,,,,,,"Recurrent-GBM phase 2 (NCT04280848) completed; CD4 ""helper"" telomerase epitopes",,,,https://clinicaltrials.gov/study/NCT07347210,Requires MGMT-unmethylated status. Related to the TERT arm of the open Paris trial in Section 1.,,,,
appendix: shared-antigen peptide vaccine,IDH1-R132H peptide (NOA-16),NCT02454634,shared-antigen peptide,Germany,,Completed; IDH-mutant glioma only,,,,,,,87% immune response; favourable outcomes in IDH-mutant astrocytoma,,,,https://clinicaltrials.gov/study/NCT02454634,Not applicable — this patient is IDH-wildtype. Listed so the distinction is explicit.,,,,
recurrent-disease reference,RNA-LP (recurrent),NCT06389591,,"University of Florida, USA — recruiting",,,,,,,,,RNA-lipid-particle vaccine (pp65 + tumour RNA) for recurrent adult GBM; recurrent-disease arm of the UF programme,,,,https://clinicaltrials.gov/study/NCT06389591,,,,,
recurrent-disease reference,YS247 neoantigen dendritic-cell vaccine,NCT07678138,,"Huanhu Hospital, Tianjin, China — not yet recruiting",,,,,,,,,Neoantigen-pulsed autologous DC injection for recurrent/progressive glioblastoma,,,,https://clinicaltrials.gov/study/NCT07678138,,,,,
recurrent-disease reference,ZSNeo-DC1.1 (recurrent),NCT06253234,,"Beijing Tiantan Hospital, China — recruiting",,,,,,,,,"Personalized neoantigen dendritic-cell vaccine, recurrent/progressive high-grade glioma; sibling of the newly-diagnosed trial in Section 1",,,,https://clinicaltrials.gov/study/NCT06253234,,,,,
recurrent-disease reference,"Personalized vaccine, recurrent glioma",NCT04943718,,"Xuanwu Hospital, Beijing, China — status unknown",,,,,,,,,Personalized (neoantigen) vaccine for recurrent glioma; limited public detail,,,,https://clinicaltrials.gov/study/NCT04943718,,,,,
private provider,No verified US provider of a tumour-sequenced neoantigen vaccine sold outside a trial,,"None is a tumour-sequenced neoantigen vaccine. The Montana clinics sell catalogue research peptides — BPC-157, TB-500, sermorelin, ipamorelin, thymosin-α1 — for healing, weight loss and hormones. The integrative cancer centres offer stem-cell / immune-modulation / autologous approaches, not an exome-sequencing → neoepitope-prediction → GMP-peptide pipeline.",United States,,,,,,,,,None — there is no neoantigen-vaccine service to have GBM evidence for.,No such service is sold in the US -- ,"In the US a personalized neoantigen vaccine is an investigational biologic: it needs an FDA IND, so it is available essentially only inside a clinical trial. Selling one as a clinic service would fall outside that framework. (503A/503B compounding covers small-molecule and simple peptide compounding, not individualized therapeutic cancer vaccines.)","No provider to contact. Directory of Montana ""peptide"" clinics: peptidebase.io/directory/state/montana-us (wellness/anti-aging peptides, not cancer vaccines).",,"The nearest real thing to ""printing peptides to make neoantigens"" is automated flow peptide synthesis — academic (an MIT group's ""Automated Flow Synthesis of Tumor Neoantigen Peptides"", 2020) and the GMP high-throughput synthesis used by trial sponsors such as Dana-Farber and CeGaT — not a US clinical service. Also checked: Moderna's mRNA-4157 / BioNTech's autogene cevumeran individualized neoantigen therapies have no glioblastoma expanded-access pathway (melanoma and other trials only). If the user has a specific Montana clinic name or URL, that entry can be researched directly.","Nothing in this category. Montana clinics compound / resell catalogue research peptides (BPC-157, TB-500, sermorelin, ipamorelin, thymosin-&alpha;1); US integrative cancer centres offer autologous immune-cell or stem-cell products - none is a tumour-sequenced neoantigen vaccine.",n/a - no tumour is sequenced and no patient-specific vaccine is made.,n/a.,n/a - no neoantigen-vaccine service exists to have patient accounts.
private provider,Immunocine Cancer Center,,"Personalized to the patient's own tumour material, but not a defined-neoantigen vaccine — it is a tumour-lysate / tumour-antigen-pulsed DC product. The company does not publish a per-patient neoepitope list.",United States,,,,,,,,,No peer-reviewed glioblastoma outcome data located; company press material and testimonials only.,"≈ USD 50,000 (reported); treatment delivered in Cancún -- Not itemised publicly; secondary sources put personalized DC immunotherapy of this kind at roughly USD 50,000. Request a full written quote including the US intake fees and the Cancún treatment.","US site provides preservation/intake services only; the cellular treatment is delivered in Mexico, outside FDA oversight.","Website: immunocine.com &middot; Arizona tumour-preservation / intake office; treatment clinic in Cancún, Mexico &middot; enquiry form on the site.",,"Whether the ""tumour-specific antigens"" are defined neoepitopes or whole-tumour lysate is not disclosed; no GBM survival data; treatment happens outside the US. Ask for the antigen-selection method and GBM-specific outcomes in writing.","Autologous monocyte-derived dendritic cells exposed ex vivo to ""tumour-specific antigens"" and re-infused, made in a cGMP lab (per the company). Not a defined-neoepitope product - no ranked neoantigen list is published.",The patient's own tumour tissue (preserved at the Arizona intake site) plus blood / leukapheresis for monocytes.,Not billed to US insurance; treatment is in Mexico. Superbill / receipts only; out-of-network reimbursement not guaranteed.,"Company-published written and video testimonials on immunocine.com - not glioblastoma-specific, not independently verified."
private provider,Williams Cancer Institute,,In-situ approach — it relies on antigens released by ablating the patient's own tumour. It is not a tumour-sequenced neoantigen peptide/mRNA vaccine and involves no ex-vivo peptide manufacturing.,United States,,,,,,,,,Case reports and conference material; no randomised or GBM-specific peer-reviewed outcome data located. Brain tumours are rarely the marketed indication (mostly accessible solid tumours).,Self-pay; not publicly itemised — request a quote -- Not publicly itemised; self-pay. Request an itemised quote per protocol.,US site operates as practice-of-medicine with off-label intratumoral drug use; some protocols delivered at the Mexico site.,"Website: williamscancerinstitute.com &middot; Las Vegas, Nevada (plus a Mexico site) &middot; consultation request on the site.",,"Included only to be explicit that this well-known US ""personalized cancer vaccine"" marketing is in-situ ablation, a different technique from the neoantigen peptide vaccine this atlas is about. No GBM efficacy data.","No ex-vivo product. The ""vaccine"" is the patient's own tumour ablated in situ (pulsed electric field / cryoablation) plus intratumoral checkpoint and cytokine injections - a different technique from a peptide/mRNA neoantigen vaccine.",The tumour in situ; no tissue is harvested for manufacturing and no sequencing-based neoepitope selection is done.,Self-pay; no insurance billing pathway described.,"Clinic-published patient videos / testimonials (williamscancerinstitute.com) - not glioblastoma-specific, not independently verified."
private provider,United States academic route (context) — NeoVax / Washington University,,Fully personalized neoantigen.,United States,,,,,,,,,"See the landmark cards — NeoVax (Keskin, Nature 2019) and the WashU DNA vaccine (Nature Cancer 2026).",Trial — no charge for the investigational product -- Trial — no charge for the investigational product.,FDA IND; trial only.,Dana-Farber neuro-oncology - dana-farber.org &middot; Washington University / Siteman - siteman.wustl.edu &middot; full trial records via the landmark cards at the end of this page.,,"Nothing to purchase; the point of this row is that the honest US route is a trial, and there is currently a gap between trials to watch.","NeoVax: up to ~20 GMP synthetic long peptides spanning personal neoepitopes, + poly-ICLC. Washington University: a plasmid DNA construct encoding up to ~40 neoantigens (+ an IL-12 plasmid), delivered by electroporation.",Tumour + matched normal (blood) for whole-exome / RNA sequencing and HLA typing; requires adequate banked tumour tissue.,Trial - the investigational product is provided at no cost; standard-of-care items are billed as usual.,"No clinic testimonials; see the published trial reports (Keskin, Nature 2019; Nature Cancer 2026)."
private provider,CeGaT GmbH / cecava GmbH,,Fully personalized — built from the patient's own tumour mutations.,Europe,,,,,,,,,"173-patient real-world series (Nature Communications 2024): median OS 31.9 months from diagnosis across all vaccinees (70 vaccinated before progression, 103 after); patients with multiple vaccine-induced T-cell responses 53 months vs 27 months for none/low (P=0.03); vaccine-induced immune response in 87/97 (90%) monitored; adverse events mostly grade 1–2.","≈ €52,000 total (€10k diagnostics + €39k vaccine + €3k monitoring) -- Reported in case accounts: ~€10,000 neoantigen diagnostics; ~€39,000 vaccine; ~€3,000 immune monitoring (one family cited ~£30,000 for the peptides). Totals vary; get an itemised quote.",Legal in Germany as an individual named-patient treatment (individueller Heilversuch). Not an EMA marketing authorisation and not an efficacy approval. NCT05356312 is CeGaT's own expanded-access registry listing.,cegat.com · cecava.com · expanded-access contact Dr Saskia Biskup (Saskia.Biskup@humangenetik-tuebingen.de),,"An independent Neuro-Oncology 2025 commentary (""Lessons ignored?"") argues the survival figures are inflated by selection bias (65% of patients KPS 90–100; international travel required; median 10.4 months from diagnosis to vaccination → lead-time bias; median follow-up only 21.3 months), uncontrolled external comparators, non-prespecified immune-response criteria, incomplete adverse-event reporting, and that 19 of 50 authors are affiliated with the provider. The number of patients sequenced but never vaccinated is not reported. No randomised data.","GMP synthetic peptides spanning the patient's predicted neoepitopes, formulated with adjuvant - the ""printing"" step done with identity/purity/sterility release testing. ~12 weeks from diagnostics.","Tumour tissue (FFPE or fresh) + blood, for tumour-exome sequencing, HLA typing and neoantigen prediction (CancerNeo®).","German statutory insurance rarely covers it; private German insurers sometimes reimburse partially, case by case. Not billed to non-German (e.g. US) insurance.",Named-patient accounts appear in UK press and fundraising coverage (e.g. Brain Tumour Research features); the provider does not host a testimonial page. Outcomes in those accounts are not independently verified.
private provider,Hallwang Private Oncology Clinic,,Claimed personalized; methodology not independently documented.,Europe,,,,,,,,,No peer-reviewed glioblastoma outcome data; the clinic does not publish survival data.,"≈ USD 100,000–127,000 per 1–3-week programme; ~80% deposit upfront -- Documented cases ~USD 100,000–127,000 for a 1–3-week programme; ~80% deposit required upfront.",German individual healing attempt. No insurance contracts of any kind (clinic states this explicitly).,hallwang-clinic.com · +49 7443 9642 40,,"Independent reporting (Science-Based Medicine and others) has specifically named this clinic for selling unproven, ineffective therapies alongside legitimate-sounding ones; GoFundMe banned Hallwang fundraisers in 2019. Also catalogued on the main dashboard's private-provider list. Scrutinise closely.","Not disclosed for the peptide component. Broad personalised-oncology menu also includes dendritic-cell, NK and T-cell products and off-label drug combinations; the peptide-vaccine methodology is not published.","Blood and/or tumour material, varies by protocol (not independently confirmed).","Clinic states plainly it has no contracts with any statutory or private health insurer; costs are settled directly by the patient, with ~80% due upfront. No billing pathway offered.","Clinic-published testimonials (hallwang-clinic.com/en/experiences) - not glioblastoma-specific, not independently verified. GoFundMe banned Hallwang fundraisers in 2019."
private provider,IOZK (Institut für Onkologische Immunologie),,Personalized (autologous tumour lysate + own dendritic cells).,Europe,,,,,,,,,Single-institution case series in IDH-wildtype GBM reporting improved OS vs historical published data (PMC 2023); not randomised.,"≈ €65,000 for the first two cycles + mandatory diagnostics -- ~€23,000–26,000 per vaccination cycle; ~€65,000 for the first two cycles plus mandatory diagnostics.",German individual healing attempt / hospital exemption.,iozk.de · +49 221 4203 9925,,"Covered in full on the main dashboard. Included here only to be clear it is a DC vaccine, not the peptide/neoantigen modality this atlas is about.","IO-Vac® autologous dendritic-cell vaccine matured with oncolytic Newcastle disease virus - a cell product, not a peptide/neoantigen vaccine. Optional 5-day immunogenic-cell-death add-on.",Tumour tissue (autologous lysate) + blood (for monocyte-derived dendritic cells).,German statutory insurance rarely covers it without dispute; private German insurers sometimes reimburse partially. Not billed to non-German insurance.,None currently listed by the institute.
private provider,NEO CLINIC TOKYO,,"Claimed personalized — NGS-based mutation calling. Number of peptides, prediction method and manufacturer not published on the English site.",Japan,,,,,,,,,"None published. No patient numbers, no GBM-specific data, no outcome data of any kind on the public site.",Not published — self-pay; request a full itemised quote -- Not published — request a full itemised quote. Japanese neoantigen/DC peptide services are typically fully out of pocket and not covered by Japanese or foreign insurance.,"Japan free-market medicine (jiyū shinryō) under the Act on the Safety of Regenerative Medicine — a safety notification framework, not an efficacy review.",neoclinic-en.jp · +81 3-6450-4796,,"Essentially everything about effectiveness. No methodology, no denominator, no GBM experience is disclosed. Treat as unverified and ask for the sequencing report, neoepitope list, peptide Certificates of Analysis and any GBM outcomes in writing.","A neoantigen peptide vaccine and, separately, a shared ""oncoantigen"" peptide vaccine. Peptide count, prediction pipeline and the synthesis contractor are not disclosed on the public site.","Tumour tissue for NGS-based mutation calling + blood; specifics (fresh vs archival, tumour-content threshold) not published.",Fully out of pocket; not covered by Japan's National Health Insurance or by foreign / international insurance.,None located for this clinic.
private provider,Personalized Peptide Vaccination (PPV) — Kurume University lineage / Brightpath Biotherapeutics,,Per-patient selection from a shared pool — not built from the patient's own mutations. A fully personalized neoantigen successor is in development.,Japan,,,,,,,,,"Two decades of Japanese phase 1/2 work across many cancers, including limited glioma. Multiple randomised phase 2/3 trials in other tumours (e.g. castration-resistant prostate, biliary tract) were negative for overall survival. No positive randomised GBM data.","≈ ¥44,000–66,000 per antigen; full-course price not itemised -- Historically ~¥44,000–66,000 per antigen in the advanced-medical-care setting; total course cost not publicly itemised.",Advanced Medical Care / research framework in Japan; not funded by national insurance for general use.,"Brightpath Biotherapeutics, Tokyo - brightpathbio.com &middot; Kurume University Hospital cancer-vaccine outpatient clinic.",,The classic PPV method has largely failed its controlled trials elsewhere; applicability to newly-diagnosed IDH-wildtype GBM is unproven. The neoantigen successor has no GBM data yet.,"Classic PPV: 2-4 pre-manufactured shared-antigen peptides selected per patient from a fixed ~30-peptide pool, given with an adjuvant. Brightpath's fully personalized neoantigen successor is still in development.",Blood only in classic PPV - HLA-A typing plus measurement of pre-existing peptide-specific IgG to pick the 2-4 peptides. No tumour sequencing.,Advanced Medical Care / research setting; not funded by Japan's national insurance for general use; not covered by foreign insurance.,None located specific to glioblastoma.
private provider,Japanese dendritic-cell / peptide-pulsed-DC clinics,,"Varies; some use tumour tissue, some defined antigens.",Japan,,,,,,,,,Compassionate-use case reporting only; no randomised GBM data. An independent study of patient experience at this class of clinic exists (not a survival study).,"≈ USD 20,000–50,000 per package (per-antigen ¥44,000–66,000 for some) -- Reported packages ~USD 20,000–50,000; per-antigen ¥44,000–66,000 published for some.",Act on the Safety of Regenerative Medicine (safety notification).,serenclinic.jp &middot; meneki-clinic.jp (Osaka ISEIKAI) &middot; artisanclinichibiya.jp &middot; tokyocancerclinic.jp &middot; tokyo-relife.com - also covered in detail on the main dashboard.,,Included only to distinguish peptide-pulsed-DC from the free-peptide neoantigen vaccine this atlas is about. No GBM efficacy data.,"Peptide- or antigen-pulsed autologous dendritic-cell vaccines; some clinics also infuse expanded/activated NK and &alpha;&beta;/&gamma;&delta; T cells. This is peptide-pulsed-DC, not a free-peptide neoantigen vaccine.",Tumour tissue or defined tumour antigens (varies by protocol) + blood for the dendritic-cell and lymphocyte products.,"""Advanced Medical Care"" classification - not funded by Japan's National Health Insurance for general use and not covered by foreign insurance. Fully out of pocket.",No individual patient testimonials located for these specific clinics.
private provider,Zhejiang University / iNeo programme,,Fully personalized — tumour-sequencing-driven neoepitope selection.,China,,,,,,,,,Published safety and immunogenicity across a range of advanced solid tumours; case reports of responses. Glioma-specific outcome data are limited.,Not publicly itemised for international patients -- Not publicly itemised for international patients.,"Delivered within registered trials and, reportedly, as hospital-based individualized treatment under China's evolving cell/immunotherapy rules.","Sir Run Run Shaw Hospital (srrsh.com) and Zhejiang Provincial People's Hospital, Hangzhou - international-patient offices; iNeo programme via Zhejiang University.",,"Whether a newly-diagnosed IDH-wildtype GBM patient can access this outside a trial, and on what terms, is not documented. No randomised GBM data.",iNeo-Vac-P01: GMP synthetic neoantigen peptides + adjuvant. iNeo-Vac-T01: neoantigen-reactive autologous T cells expanded ex vivo.,"Tumour tissue + blood for whole-exome sequencing, HLA typing and neoepitope selection; leukapheresis for the T-cell product.",Not applicable to foreign insurance; self-pay for international patients.,Case reports of responses appear in the literature (mixed tumour types); no clinic testimonial page identified.
private provider,NeoCura Bio-Medical Technology,,Fully personalized neoantigen design.,China,,,,,,,,,Company/trial-stage; no glioblastoma outcome data located.,Not a direct-to-patient service — no patient pricing -- n/a — not a direct-to-patient service.,NMPA clinical-trial framework.,"NeoCura Bio-Medical Technology, Beijing - corporate site (neocura.cn); partnered with Innovent Biologics.",,No GBM program or data identified; listed for completeness of the Chinese landscape.,"An AI-designed personalized neoantigen product (e.g. NEO_PLIN2101) - an RNA-based platform, not free peptides. Company / trial pipeline, not a clinic offering.",Tumour + normal sequencing data supplied within sponsored trials.,n/a - not a direct-to-patient service.,None - no patient-facing programme.
private provider,ZSky Biotech / Beijing Tiantan Hospital (ZSNeo-DC1.1),,Fully personalized neoantigen selection.,China,,,,,,,,,Early-stage; no survival data yet.,Trial context — no listed self-pay price -- Trial context — not a listed self-pay price.,Chinese trial framework; a commercial sponsor behind the trials.,"ZSky Biotech - zskybio.com &middot; Xiaomin Ma, xiaomin.ma@zskybio.com &middot; trial site: Beijing Tiantan Hospital.",,Primary listing is in Section 1. Whether it is sold privately outside the trials is unclear.,"Autologous dendritic cells pulsed with the patient's predicted neoantigens (ZSNeo-DC1.1), 1&times;10&#8311; cells per dose.",Tumour tissue + blood for neoantigen identification; leukapheresis / PBMC for the dendritic cells.,"Trial context; whether it is sold self-pay outside the trials, and on what insurance terms, is unclear.",None located.
private provider,Shenzhen Geno-Immune Medical Institute,,Not clearly neoantigen-defined.,China,,,,,,,,,None located for GBM.,Research institute — no patient pricing -- n/a.,Chinese trial framework.,Shenzhen Geno-Immune Medical Institute - szgimi.org.,,Minimal public information; included only to map the landscape.,"An ""immunomodulatory dendritic-cell vaccine"" for DIPG / GBM (NCT03914768) - not clearly neoantigen-defined; a cell product.",Not specified in public materials.,n/a.,None.
private provider,No verified personalized neoantigen peptide-vaccine programme found,,None publishes a tumour-exome-sequencing → neoepitope-prediction → GMP peptide-synthesis pipeline.,Mexico,,,,,,,,,No peer-reviewed glioblastoma outcome data; marketing material and testimonials only. Issels and Hope4Cancer are catalogued on the main dashboard for DC/NK products.,"Integrative programmes ≈ USD 45,000–60,000 / 3 weeks; no peptide line item -- ~USD 45,000–60,000 for a standard 3-week programme (Hope4Cancer, Issels published ranges); a peptide/neoantigen line item is not itemised.",Operate outside FDA oversight; Mexican COFEPRIS registration status varies and is rarely detailed publicly.,immunitytherapycenter.com &middot; hope4cancer.com &middot; chipsahospital.org &middot; issels.com - Issels and Hope4Cancer are also on the main dashboard.,,"Any ""neoantigen vaccine"" marketing from a Mexican integrative clinic should be treated as unverified until they provide the sequencing report, the ranked neoepitope list, peptide Certificates of Analysis, GMP documentation, and GBM-specific (not all-comers) outcomes in writing. None of that was found in public materials.","Marketed ""cancer vaccines"", dendritic-cell products, and autologous ""autohemotherapy"" inside broad 3-week integrative programmes. No exome &rarr; neoepitope &rarr; GMP-peptide pipeline is documented at any of them.","Blood and/or tumour material, varies by clinic; not independently confirmed. No published sequencing-based neoantigen workflow.",Cannot bill US insurance (treatment in Mexico); some PPO out-of-country plans reimburse partially if pre-verified; the clinics disclaim any guarantee.,"Clinic-published patient journeys (e.g. Hope4Cancer's ""Aaron - stage IV glioblastoma"" story) - not independently verified; weigh a single account against the absence of peer-reviewed data."
